match_id,team_id,player_id
15946,217,20055
15946,217,6374
15946,217,5213
15946,217,5492
15946,217,5211
15946,217,5203
15946,217,5470
15946,217,6379
15946,217,5477
15946,217,5246
15946,217,5503
15946,206,6629
15946,206,6618
15946,206,6615
15946,206,6855
15946,206,6612
15946,206,6839
15946,206,6617
15946,206,6626
15946,206,6632
15946,206,6581
15946,206,6613
15956,901,11302
15956,901,11297
15956,901,11304
15956,901,11293
15956,901,11298
15956,901,11294
15956,901,11303
15956,901,11300
15956,901,11291
15956,901,6760
15956,901,11296
15956,217,20055
15956,217,6379
15956,217,5213
15956,217,5492
15956,217,5211
15956,217,5203
15956,217,5470
15956,217,3501
15956,217,5503
15956,217,5477
15956,217,5246
15973,217,20055
15973,217,6379
15973,217,5213
15973,217,5492
15973,217,5211
15973,217,5203
15973,217,5470
15973,217,3501
15973,217,5503
15973,217,5477
15973,217,5246
15973,902,9747
15973,902,11676
15973,902,11677
15973,902,6788
15973,902,6734
15973,902,11674
15973,902,11669
15973,902,11673
15973,902,11675
15973,902,11672
15973,902,11671
15978,210,6694
15978,210,6605
15978,210,6679
15978,210,5573
15978,210,6704
15978,210,6676
15978,210,6671
15978,210,6685
15978,210,6669
15978,210,6899
15978,210,6695
15978,217,20055
15978,217,6374
15978,217,5213
15978,217,5492
15978,217,5211
15978,217,5470
15978,217,6379
15978,217,6998
15978,217,5503
15978,217,5477
15978,217,5246
15986,217,20055
15986,217,6374
15986,217,5213
15986,217,6826
15986,217,5211
15986,217,5203
15986,217,8206
15986,217,11392
15986,217,5503
15986,217,5477
15986,217,5246
15986,211,6785
15986,211,6579
15986,211,6573
15986,211,6572
15986,211,6578
15986,211,6560
15986,211,6565
15986,211,6570
15986,211,6888
15986,211,6582
15986,211,6351
15998,205,6610
15998,205,17818
15998,205,6598
15998,205,6601
15998,205,6738
15998,205,11730
15998,205,6667
15998,205,6599
15998,205,6608
15998,205,16212
15998,205,6301
15998,217,20055
15998,217,6379
15998,217,5213
15998,217,5492
15998,217,6332
15998,217,5203
15998,217,5470
15998,217,3501
15998,217,5503
15998,217,5477
15998,217,6616
16010,217,20055
16010,217,6374
16010,217,5213
16010,217,6826
16010,217,5211
16010,217,6379
16010,217,8206
16010,217,5470
16010,217,5477
16010,217,3501
16010,217,5246
16010,215,11748
16010,215,6649
16010,215,6877
16010,215,6665
16010,215,6789
16010,215,6775
16010,215,6396
16010,215,6390
16010,215,3023
16010,215,6391
16010,215,6393
16023,207,6590
16023,207,11634
16023,207,6891
16023,207,6746
16023,207,6596
16023,207,6595
16023,207,6589
16023,207,6583
16023,207,4367
16023,207,3457
16023,207,6401
16023,217,20055
16023,217,6374
16023,217,5213
16023,217,6332
16023,217,5211
16023,217,5203
16023,217,5470
16023,217,11392
16023,217,5503
16023,217,3501
16023,217,5246
16029,217,20055
16029,217,6374
16029,217,5213
16029,217,6826
16029,217,5211
16029,217,5203
16029,217,5470
16029,217,11392
16029,217,5503
16029,217,3501
16029,217,5246
16029,213,11541
16029,213,6825
16029,213,5534
16029,213,6804
16029,213,6821
16029,213,6919
16029,213,5504
16029,213,6720
16029,213,6719
16029,213,5218
16029,213,6723
16056,217,20055
16056,217,6379
16056,217,5213
16056,217,6826
16056,217,5211
16056,217,5203
16056,217,5470
16056,217,11392
16056,217,5503
16056,217,3109
16056,217,5246
16056,218,6792
16056,218,6648
16056,218,7068
16056,218,6777
16056,218,6658
16056,218,17304
16056,218,5563
16056,218,5214
16056,218,3313
16056,218,7910
16056,218,6651
16073,212,6378
16073,212,5696
16073,212,6376
16073,212,5484
16073,212,6320
16073,212,5199
16073,212,6765
16073,212,6381
16073,212,3245
16073,212,5487
16073,212,5198
16073,217,20055
16073,217,6374
16073,217,5213
16073,217,5492
16073,217,5211
16073,217,6379
16073,217,5203
16073,217,11392
16073,217,8206
16073,217,5503
16073,217,5246
16079,217,20055
16079,217,6374
16079,217,5213
16079,217,6826
16079,217,5211
16079,217,5203
16079,217,5477
16079,217,5470
16079,217,8206
16079,217,3501
16079,217,5503
16079,222,6755
16079,222,6772
16079,222,6762
16079,222,6752
16079,222,6737
16079,222,11385
16079,222,16335
16079,222,6771
16079,222,11386
16079,222,6764
16079,222,6766
16086,214,6768
16086,214,6791
16086,214,6754
16086,214,5598
16086,214,6886
16086,214,3236
16086,214,6866
16086,214,6838
16086,214,6902
16086,214,6758
16086,214,11391
16086,217,20055
16086,217,6374
16086,217,5213
16086,217,6826
16086,217,5211
16086,217,5203
16086,217,8206
16086,217,5470
16086,217,5503
16086,217,5477
16086,217,5246
16095,221,6692
16095,221,6809
16095,221,6682
16095,221,6807
16095,221,6691
16095,221,6784
16095,221,6688
16095,221,6782
16095,221,6680
16095,221,6678
16095,221,6668
16095,217,20055
16095,217,5213
16095,217,6826
16095,217,6332
16095,217,5477
16095,217,5211
16095,217,5203
16095,217,5470
16095,217,8206
16095,217,5503
16095,217,5246
16109,217,20055
16109,217,6374
16109,217,5213
16109,217,6826
16109,217,5211
16109,217,5203
16109,217,8206
16109,217,5470
16109,217,5503
16109,217,5477
16109,217,5246
16109,209,6795
16109,209,6805
16109,209,11388
16109,209,17804
16109,209,6876
16109,209,12555
16109,209,6852
16109,209,6799
16109,209,3625
16109,209,5217
16109,209,6297
16120,216,6722
16120,216,6627
16120,216,6634
16120,216,6635
16120,216,6619
16120,216,6901
16120,216,6863
16120,216,4546
16120,216,6873
16120,216,6611
16120,216,11550
16120,217,20055
16120,217,6379
16120,217,5213
16120,217,6826
16120,217,5211
16120,217,5470
16120,217,8206
16120,217,11392
16120,217,5503
16120,217,5477
16120,217,5246
16131,217,20055
16131,217,6379
16131,217,5213
16131,217,6826
16131,217,5211
16131,217,5203
16131,217,5470
16131,217,11392
16131,217,5503
16131,217,3501
16131,217,5246
16131,322,10763
16131,322,6710
16131,322,6709
16131,322,7907
16131,322,6705
16131,322,6712
16131,322,6867
16131,322,7105
16131,322,6701
16131,322,17620
16131,322,6700
16136,217,20055
16136,217,6379
16136,217,5213
16136,217,6332
16136,217,5211
16136,217,5203
16136,217,13599
16136,217,11392
16136,217,5477
16136,217,3501
16136,217,5246
16136,205,6610
16136,205,17818
16136,205,5830
16136,205,6603
16136,205,3991
16136,205,11730
16136,205,6580
16136,205,6667
16136,205,16212
16136,205,6301
16136,205,4447
16149,211,6785
16149,211,6579
16149,211,6573
16149,211,6572
16149,211,11292
16149,211,22129
16149,211,6565
16149,211,6888
16149,211,6570
16149,211,6351
16149,211,6582
16149,217,20055
16149,217,6374
16149,217,5213
16149,217,6826
16149,217,5211
16149,217,5203
16149,217,8206
16149,217,5470
16149,217,5503
16149,217,3501
16149,217,5246
16157,217,20055
16157,217,6374
16157,217,5213
16157,217,6332
16157,217,6379
16157,217,5470
16157,217,13599
16157,217,8206
16157,217,5503
16157,217,3501
16157,217,5246
16157,207,6590
16157,207,11634
16157,207,6891
16157,207,6746
16157,207,6587
16157,207,6797
16157,207,3437
16157,207,6595
16157,207,5186
16157,207,5718
16157,207,6401
16173,215,6662
16173,215,6649
16173,215,6877
16173,215,6665
16173,215,6789
16173,215,6396
16173,215,6775
16173,215,6390
16173,215,6391
16173,215,3023
16173,215,6393
16173,217,20055
16173,217,6379
16173,217,5213
16173,217,6826
16173,217,6374
16173,217,5203
16173,217,5470
16173,217,8206
16173,217,5503
16173,217,3501
16173,217,5246
16182,217,20055
16182,217,6379
16182,217,5213
16182,217,6332
16182,217,5211
16182,217,5203
16182,217,8206
16182,217,13599
16182,217,5503
16182,217,5477
16182,217,8668
16182,901,11302
16182,901,22020
16182,901,11304
16182,901,11293
16182,901,18164
16182,901,11298
16182,901,11303
16182,901,11301
16182,901,7699
16182,901,6760
16182,901,17027
16190,213,11541
16190,213,5742
16190,213,5534
16190,213,6804
16190,213,8068
16190,213,5504
16190,213,7040
16190,213,6821
16190,213,13360
16190,213,6720
16190,213,6723
16190,217,20055
16190,217,6374
16190,217,5213
16190,217,5492
16190,217,5211
16190,217,5203
16190,217,8206
16190,217,5470
16190,217,5503
16190,217,3501
16190,217,5246
16196,220,3509
16196,220,5721
16196,220,5485
16196,220,5201
16196,220,18620
16196,220,5539
16196,220,5463
16196,220,5574
16196,220,6399
16196,220,18395
16196,220,19677
16196,217,20055
16196,217,6379
16196,217,5213
16196,217,6826
16196,217,5211
16196,217,5203
16196,217,5470
16196,217,11392
16196,217,5503
16196,217,5477
16196,217,5246
16205,217,20055
16205,217,6374
16205,217,5213
16205,217,5492
16205,217,5211
16205,217,5203
16205,217,8206
16205,217,11392
16205,217,5503
16205,217,3501
16205,217,5246
16205,360,21397
16205,360,17054
16205,360,6924
16205,360,6652
16205,360,5521
16205,360,11538
16205,360,4346
16205,360,12194
16205,360,7900
16205,360,12192
16205,360,16209
16215,218,6792
16215,218,6648
16215,218,7068
16215,218,6777
16215,218,6651
16215,218,6658
16215,218,5214
16215,218,6673
16215,218,5563
16215,218,3313
16215,218,3990
16215,217,20055
16215,217,6379
16215,217,5213
16215,217,6826
16215,217,5211
16215,217,5470
16215,217,5203
16215,217,11392
16215,217,8206
16215,217,5246
16215,217,5503
16231,217,20055
16231,217,6374
16231,217,5213
16231,217,6826
16231,217,5211
16231,217,5203
16231,217,5470
16231,217,11392
16231,217,5503
16231,217,3501
16231,217,5246
16231,214,6768
16231,214,22919
16231,214,6769
16231,214,6790
16231,214,6569
16231,214,22287
16231,214,6758
16231,214,6770
16231,214,6866
16231,214,6902
16231,214,11391
16240,222,6755
16240,222,6762
16240,222,4629
16240,222,6752
16240,222,6772
16240,222,6737
16240,222,11384
16240,222,11386
16240,222,16335
16240,222,3497
16240,222,3551
16240,217,20055
16240,217,6379
16240,217,5492
16240,217,6826
16240,217,5211
16240,217,5203
16240,217,8206
16240,217,11392
16240,217,3109
16240,217,3501
16240,217,5246
16248,217,20055
16248,217,6379
16248,217,5213
16248,217,6826
16248,217,5211
16248,217,5203
16248,217,5470
16248,217,11392
16248,217,5503
16248,217,3501
16248,217,5246
16248,212,6378
16248,212,5696
16248,212,5259
16248,212,5249
16248,212,6320
16248,212,6383
16248,212,6765
16248,212,5199
16248,212,6381
16248,212,5487
16248,212,5198
16265,217,20055
16265,217,6374
16265,217,5213
16265,217,6826
16265,217,5211
16265,217,5470
16265,217,8206
16265,217,11392
16265,217,5503
16265,217,5477
16265,217,5246
16265,210,6694
16265,210,6605
16265,210,6679
16265,210,6713
16265,210,22452
16265,210,6676
16265,210,3042
16265,210,6899
16265,210,6685
16265,210,6695
16265,210,6721
16275,206,6629
16275,206,6615
16275,206,6636
16275,206,6923
16275,206,6856
16275,206,6612
16275,206,6626
16275,206,6622
16275,206,6739
16275,206,6581
16275,206,6566
16275,217,20055
16275,217,6374
16275,217,5213
16275,217,5492
16275,217,6379
16275,217,5203
16275,217,8206
16275,217,13599
16275,217,5477
16275,217,3501
16275,217,5246
16289,217,20055
16289,217,6374
16289,217,5213
16289,217,6826
16289,217,5211
16289,217,5470
16289,217,8206
16289,217,11392
16289,217,5477
16289,217,3501
16289,217,5246
16289,221,23344
16289,221,6672
16289,221,6592
16289,221,6807
16289,221,6675
16289,221,17303
16289,221,6691
16289,221,6680
16289,221,6688
16289,221,18163
16289,221,21147
16306,217,8652
16306,217,6379
16306,217,5213
16306,217,5492
16306,217,5211
16306,217,5203
16306,217,5470
16306,217,8206
16306,217,3109
16306,217,3501
16306,217,5503
16306,216,6722
16306,216,6627
16306,216,6634
16306,216,6635
16306,216,7104
16306,216,6901
16306,216,6863
16306,216,4546
16306,216,5693
16306,216,6630
16306,216,6611
16317,322,6698
16317,322,8555
16317,322,6708
16317,322,6778
16317,322,6705
16317,322,6712
16317,322,6701
16317,322,7105
16317,322,17620
16317,322,6700
16317,322,6707
16317,217,8652
16317,217,6374
16317,217,5213
16317,217,6826
16317,217,5211
16317,217,5203
16317,217,8206
16317,217,5470
16317,217,6379
16317,217,3109
16317,217,5503
303377,217,20055
303377,217,6379
303377,217,5213
303377,217,5492
303377,217,5211
303377,217,5203
303377,217,8118
303377,217,11392
303377,217,5503
303377,217,30756
303377,217,5487
303377,216,6722
303377,216,3991
303377,216,6634
303377,216,6788
303377,216,7104
303377,216,6863
303377,216,6901
303377,216,5466
303377,216,17620
303377,216,6630
303377,216,11550
303400,207,6898
303400,207,6797
303400,207,6891
303400,207,6746
303400,207,6596
303400,207,6748
303400,207,3437
303400,207,6589
303400,207,6583
303400,207,6401
303400,207,6297
303400,217,20055
303400,217,6379
303400,217,5213
303400,217,5492
303400,217,30756
303400,217,5211
303400,217,5203
303400,217,8118
303400,217,11392
303400,217,5503
303400,217,5487
303421,206,6571
303421,206,6618
303421,206,6615
303421,206,23263
303421,206,6935
303421,206,26387
303421,206,6659
303421,206,6632
303421,206,3513
303421,206,6732
303421,206,3265
303421,217,6590
303421,217,6379
303421,217,32480
303421,217,6826
303421,217,5211
303421,217,5203
303421,217,8206
303421,217,24841
303421,217,5503
303421,217,30756
303421,217,5246
303430,217,20055
303430,217,6374
303430,217,5213
303430,217,6826
303430,217,17304
303430,217,5203
303430,217,6379
303430,217,11392
303430,217,5503
303430,217,5487
303430,217,5246
303430,222,6755
303430,222,6710
303430,222,7030
303430,222,6892
303430,222,24729
303430,222,3141
303430,222,3497
303430,222,16335
303430,222,11386
303430,222,20063
303430,222,6766
303451,217,20055
303451,217,6379
303451,217,5213
303451,217,6826
303451,217,17304
303451,217,5203
303451,217,5470
303451,217,8118
303451,217,5503
303451,217,5487
303451,217,5246
303451,1043,24083
303451,1043,24576
303451,1043,24084
303451,1043,24086
303451,1043,24089
303451,1043,31090
303451,1043,24087
303451,1043,24072
303451,1043,24088
303451,1043,23986
303451,1043,8654
303470,220,3509
303470,220,5721
303470,220,5485
303470,220,5201
303470,220,5552
303470,220,5539
303470,220,6773
303470,220,4926
303470,220,5574
303470,220,18395
303470,220,19677
303470,217,20055
303470,217,6374
303470,217,5213
303470,217,5492
303470,217,5211
303470,217,11392
303470,217,5203
303470,217,8206
303470,217,8118
303470,217,5503
303470,217,5487
303473,217,20055
303473,217,6379
303473,217,11532
303473,217,5213
303473,217,6374
303473,217,8118
303473,217,8206
303473,217,11392
303473,217,5503
303473,217,5477
303473,217,5246
303473,213,11541
303473,213,6821
303473,213,3366
303473,213,6825
303473,213,18620
303473,213,16003
303473,213,5504
303473,213,12021
303473,213,4345
303473,213,6724
303473,213,20033
303479,217,20055
303479,217,6374
303479,217,5213
303479,217,6826
303479,217,5211
303479,217,5203
303479,217,5470
303479,217,8118
303479,217,5487
303479,217,4447
303479,217,5503
303479,210,32185
303479,210,6670
303479,210,6713
303479,210,22128
303479,210,3498
303479,210,24236
303479,210,3042
303479,210,6582
303479,210,8252
303479,210,22321
303479,210,8819
303487,217,20055
303487,217,6374
303487,217,5213
303487,217,5492
303487,217,17304
303487,217,6379
303487,217,8118
303487,217,11392
303487,217,5503
303487,217,30756
303487,217,5487
303487,209,6795
303487,209,16555
303487,209,11388
303487,209,24730
303487,209,6805
303487,209,6776
303487,209,11389
303487,209,6798
303487,209,4558
303487,209,5217
303487,209,5516
303493,217,20055
303493,217,6374
303493,217,5213
303493,217,6826
303493,217,5211
303493,217,5203
303493,217,11392
303493,217,8206
303493,217,5503
303493,217,5487
303493,217,5246
303493,215,11748
303493,215,6649
303493,215,6397
303493,215,6877
303493,215,6789
303493,215,11746
303493,215,6667
303493,215,6392
303493,215,30225
303493,215,6387
303493,215,6393
303504,221,23344
303504,221,11676
303504,221,6682
303504,221,6592
303504,221,23948
303504,221,6796
303504,221,11669
303504,221,6688
303504,221,6782
303504,221,6668
303504,221,21147
303504,217,20055
303504,217,6379
303504,217,5213
303504,217,6826
303504,217,6374
303504,217,8118
303504,217,8206
303504,217,11392
303504,217,5503
303504,217,5487
303504,217,5246
303516,209,6795
303516,209,16555
303516,209,11388
303516,209,24273
303516,209,22029
303516,209,41116
303516,209,12555
303516,209,6799
303516,209,6609
303516,209,5217
303516,209,5194
303516,217,20055
303516,217,6374
303516,217,5213
303516,217,5492
303516,217,5211
303516,217,5470
303516,217,8206
303516,217,24841
303516,217,5503
303516,217,30756
303516,217,5246
303517,217,20055
303517,217,6379
303517,217,5213
303517,217,5492
303517,217,5211
303517,217,5203
303517,217,8206
303517,217,13599
303517,217,5503
303517,217,5487
303517,217,5246
303517,206,6629
303517,206,6618
303517,206,6636
303517,206,6923
303517,206,6612
303517,206,6400
303517,206,6565
303517,206,6632
303517,206,6626
303517,206,24078
303517,206,6732
303524,212,6378
303524,212,3308
303524,212,11167
303524,212,6790
303524,212,6381
303524,212,6377
303524,212,5575
303524,212,6383
303524,212,5199
303524,212,3477
303524,212,12041
303524,217,20055
303524,217,6379
303524,217,5213
303524,217,6826
303524,217,17304
303524,217,5470
303524,217,11392
303524,217,8118
303524,217,5503
303524,217,5487
303524,217,5246
303532,217,20055
303532,217,6379
303532,217,5213
303532,217,6826
303532,217,17304
303532,217,5203
303532,217,5470
303532,217,11392
303532,217,5503
303532,217,30756
303532,217,5487
303532,205,6610
303532,205,3139
303532,205,17818
303532,205,6598
303532,205,6851
303532,205,11730
303532,205,6599
303532,205,3610
303532,205,6580
303532,205,6606
303532,205,6602
303548,1043,24083
303548,1043,24613
303548,1043,24084
303548,1043,24086
303548,1043,24089
303548,1043,24269
303548,1043,24072
303548,1043,31090
303548,1043,24088
303548,1043,11671
303548,1043,8654
303548,217,20055
303548,217,6379
303548,217,5213
303548,217,32480
303548,217,5211
303548,217,5203
303548,217,8206
303548,217,8118
303548,217,5503
303548,217,4447
303548,217,5487
303596,217,20055
303596,217,6374
303596,217,5213
303596,217,6826
303596,217,5211
303596,217,5470
303596,217,6379
303596,217,8118
303596,217,5503
303596,217,5487
303596,217,5246
303596,220,3509
303596,220,5721
303596,220,5485
303596,220,5201
303596,220,3804
303596,220,5539
303596,220,6773
303596,220,5574
303596,220,4926
303596,220,6399
303596,220,19677
303600,217,20055
303600,217,6374
303600,217,5213
303600,217,6826
303600,217,5211
303600,217,5203
303600,217,8206
303600,217,8118
303600,217,5503
303600,217,30756
303600,217,5246
303600,901,11302
303600,901,22020
303600,901,11304
303600,901,17520
303600,901,11292
303600,901,11298
303600,901,11301
303600,901,11303
303600,901,11296
303600,901,17027
303600,901,24777
303610,217,20055
303610,217,6379
303610,217,5213
303610,217,5492
303610,217,30756
303610,217,5211
303610,217,5203
303610,217,8206
303610,217,5470
303610,217,5503
303610,217,5487
303610,1049,24140
303610,1049,24133
303610,1049,23807
303610,1049,24134
303610,1049,4546
303610,1049,24052
303610,1049,6982
303610,1049,24143
303610,1049,24127
303610,1049,11501
303610,1049,8866
303615,217,20055
303615,217,6374
303615,217,5213
303615,217,6826
303615,217,5211
303615,217,5203
303615,217,5470
303615,217,6379
303615,217,5503
303615,217,5487
303615,217,5246
303615,214,6768
303615,214,11293
303615,214,6573
303615,214,6635
303615,214,32670
303615,214,6886
303615,214,6754
303615,214,31885
303615,214,6866
303615,214,11539
303615,214,16209
303634,217,20055
303634,217,6374
303634,217,5213
303634,217,6826
303634,217,17304
303634,217,5470
303634,217,6379
303634,217,24841
303634,217,5503
303634,217,30756
303634,217,4447
303634,422,24211
303634,422,24212
303634,422,6693
303634,422,23950
303634,422,6591
303634,422,24085
303634,422,30277
303634,422,6604
303634,422,23945
303634,422,6810
303634,422,6735
303652,214,6768
303652,214,6791
303652,214,6769
303652,214,6573
303652,214,6886
303652,214,6754
303652,214,6866
303652,214,32670
303652,214,6902
303652,214,6930
303652,214,3236
303652,217,6590
303652,217,6379
303652,217,5213
303652,217,6826
303652,217,5211
303652,217,5203
303652,217,5470
303652,217,8118
303652,217,5503
303652,217,5487
303652,217,5246
303664,210,32185
303664,210,6605
303664,210,6676
303664,210,6713
303664,210,3498
303664,210,24236
303664,210,6582
303664,210,8252
303664,210,3042
303664,210,6685
303664,210,8819
303664,217,20055
303664,217,6379
303664,217,5213
303664,217,6826
303664,217,5211
303664,217,5203
303664,217,5470
303664,217,8118
303664,217,5503
303664,217,5487
303664,217,5246
303666,1049,24140
303666,1049,24133
303666,1049,23807
303666,1049,24134
303666,1049,25702
303666,1049,16249
303666,1049,24144
303666,1049,24126
303666,1049,24127
303666,1049,11501
303666,1049,26009
303666,217,20055
303666,217,6374
303666,217,5213
303666,217,6826
303666,217,17304
303666,217,8118
303666,217,6379
303666,217,5470
303666,217,25006
303666,217,5487
303666,217,5246
303674,213,11541
303674,213,6821
303674,213,4445
303674,213,3366
303674,213,18620
303674,213,16003
303674,213,6701
303674,213,12021
303674,213,4345
303674,213,6616
303674,213,20033
303674,217,20055
303674,217,6374
303674,217,5213
303674,217,6826
303674,217,5211
303674,217,8206
303674,217,5203
303674,217,5470
303674,217,4447
303674,217,5503
303674,217,5246
303680,901,11302
303680,901,11297
303680,901,11304
303680,901,21225
303680,901,6601
303680,901,22020
303680,901,24141
303680,901,11300
303680,901,40881
303680,901,17027
303680,901,11296
303680,217,20055
303680,217,6374
303680,217,5213
303680,217,6826
303680,217,5211
303680,217,5203
303680,217,6379
303680,217,24841
303680,217,8206
303680,217,5503
303680,217,5487
303682,217,20055
303682,217,6374
303682,217,5213
303682,217,6826
303682,217,5211
303682,217,5203
303682,217,8118
303682,217,5470
303682,217,5503
303682,217,30756
303682,217,5487
303682,221,23344
303682,221,11676
303682,221,6682
303682,221,6592
303682,221,6784
303682,221,11669
303682,221,17303
303682,221,6680
303682,221,6688
303682,221,6668
303682,221,6684
303696,217,20055
303696,217,6374
303696,217,5213
303696,217,6826
303696,217,5211
303696,217,5203
303696,217,8206
303696,217,5470
303696,217,24841
303696,217,5503
303696,217,5246
303696,212,6378
303696,212,5696
303696,212,5259
303696,212,11167
303696,212,26532
303696,212,6383
303696,212,6381
303696,212,6377
303696,212,5633
303696,212,6840
303696,212,5198
303700,322,6698
303700,322,8555
303700,322,6708
303700,322,6709
303700,322,6705
303700,322,6907
303700,322,13107
303700,322,6867
303700,322,7105
303700,322,6700
303700,322,6707
303700,217,20055
303700,217,6379
303700,217,5492
303700,217,6826
303700,217,5211
303700,217,5203
303700,217,8118
303700,217,11392
303700,217,5503
303700,217,5487
303700,217,5246
303707,218,16309
303707,218,23522
303707,218,6648
303707,218,7068
303707,218,11538
303707,218,26404
303707,218,13599
303707,218,6673
303707,218,5214
303707,218,2948
303707,218,11391
303707,217,20055
303707,217,6374
303707,217,5492
303707,217,6826
303707,217,17304
303707,217,5203
303707,217,6379
303707,217,8118
303707,217,8206
303707,217,5503
303707,217,5487
303715,205,6610
303715,205,6598
303715,205,5830
303715,205,6603
303715,205,6569
303715,205,11730
303715,205,3610
303715,205,6599
303715,205,16212
303715,205,4447
303715,205,6301
303715,217,20055
303715,217,5674
303715,217,5213
303715,217,5492
303715,217,17304
303715,217,8118
303715,217,5203
303715,217,5477
303715,217,5503
303715,217,5487
303715,217,5246
303725,222,6755
303725,222,6772
303725,222,7030
303725,222,6892
303725,222,3515
303725,222,3141
303725,222,3497
303725,222,16335
303725,222,11386
303725,222,6766
303725,222,6402
303725,217,20055
303725,217,6374
303725,217,5213
303725,217,6826
303725,217,5211
303725,217,5203
303725,217,8206
303725,217,6379
303725,217,5503
303725,217,5487
303725,217,5246
303731,217,20055
303731,217,6374
303731,217,5213
303731,217,6826
303731,217,17304
303731,217,5203
303731,217,5470
303731,217,11392
303731,217,5503
303731,217,8206
303731,217,5487
303731,322,6698
303731,322,23981
303731,322,23803
303731,322,6709
303731,322,6705
303731,322,6867
303731,322,6910
303731,322,7105
303731,322,6712
303731,322,5687
303731,322,6700
3749052,46,40319
3749052,46,24765
3749052,46,40314
3749052,46,40312
3749052,46,40304
3749052,46,40311
3749052,46,40313
3749052,46,10525
3749052,46,40305
3749052,46,17727
3749052,46,40320
3749052,1,20015
3749052,1,40222
3749052,1,38412
3749052,1,15637
3749052,1,12529
3749052,1,15515
3749052,1,26014
3749052,1,40221
3749052,1,19312
3749052,1,15042
3749052,1,15516
3749068,38,40274
3749068,38,40272
3749068,38,20488
3749068,38,40279
3749068,38,40275
3749068,38,40277
3749068,38,15638
3749068,38,40278
3749068,38,3872
3749068,38,25960
3749068,38,11348
3749068,1,20015
3749068,1,40222
3749068,1,38412
3749068,1,15637
3749068,1,12529
3749068,1,24972
3749068,1,40221
3749068,1,15515
3749068,1,19312
3749068,1,15042
3749068,1,15516
3749079,1,20015
3749079,1,40222
3749079,1,38412
3749079,1,15637
3749079,1,12529
3749079,1,24972
3749079,1,40221
3749079,1,26014
3749079,1,19312
3749079,1,15512
3749079,1,15516
3749079,33,40260
3749079,33,4724
3749079,33,20281
3749079,33,40123
3749079,33,40258
3749079,33,20254
3749079,33,20330
3749079,33,40261
3749079,33,20444
3749079,33,34394
3749079,33,18105
3749108,1,20015
3749108,1,40222
3749108,1,38412
3749108,1,15637
3749108,1,12529
3749108,1,40221
3749108,1,15515
3749108,1,15754
3749108,1,19312
3749108,1,15512
3749108,1,15516
3749108,59,20145
3749108,59,40361
3749108,59,15761
3749108,59,24763
3749108,59,40359
3749108,59,364784
3749108,59,40360
3749108,59,40363
3749108,59,3633
3749108,59,4394
3749108,59,40362
3749117,29,19497
3749117,29,129558
3749117,29,40285
3749117,29,40281
3749117,29,40282
3749117,29,40287
3749117,29,375066
3749117,29,375070
3749117,29,40286
3749117,29,3538
3749117,29,24794
3749117,1,20015
3749117,1,38412
3749117,1,15637
3749117,1,26194
3749117,1,12529
3749117,1,24972
3749117,1,15515
3749117,1,15754
3749117,1,19312
3749117,1,24971
3749117,1,15516
3749133,59,20145
3749133,59,40361
3749133,59,15761
3749133,59,24763
3749133,59,40359
3749133,59,40363
3749133,59,20019
3749133,59,4394
3749133,59,3633
3749133,59,20180
3749133,59,40362
3749133,1,20015
3749133,1,40222
3749133,1,15637
3749133,1,26194
3749133,1,12529
3749133,1,15515
3749133,1,40221
3749133,1,15754
3749133,1,19312
3749133,1,24971
3749133,1,15516
3749153,1,20015
3749153,1,40222
3749153,1,15637
3749153,1,26194
3749153,1,12529
3749153,1,15515
3749153,1,40221
3749153,1,15754
3749153,1,19312
3749153,1,40255
3749153,1,15516
3749153,47,40322
3749153,47,40326
3749153,47,40325
3749153,47,15403
3749153,47,40328
3749153,47,40327
3749153,47,40324
3749153,47,40329
3749153,47,9585
3749153,47,17793
3749153,47,40323
3749192,1,20015
3749192,1,38412
3749192,1,15637
3749192,1,26194
3749192,1,12529
3749192,1,40221
3749192,1,26014
3749192,1,15754
3749192,1,19312
3749192,1,15042
3749192,1,15516
3749192,55,15036
3749192,55,40408
3749192,55,40415
3749192,55,40413
3749192,55,40414
3749192,55,40412
3749192,55,38566
3749192,55,40407
3749192,55,40411
3749192,55,40409
3749192,55,20505
3749196,1,20015
3749196,1,40222
3749196,1,38412
3749196,1,15637
3749196,1,12529
3749196,1,15754
3749196,1,24972
3749196,1,40221
3749196,1,19312
3749196,1,24971
3749196,1,15516
3749196,38,40274
3749196,38,40279
3749196,38,20488
3749196,38,38404
3749196,38,40318
3749196,38,40275
3749196,38,40317
3749196,38,15411
3749196,38,26149
3749196,38,20011
3749196,38,11348
3749233,1,20015
3749233,1,40222
3749233,1,38412
3749233,1,15637
3749233,1,12529
3749233,1,15754
3749233,1,24972
3749233,1,40221
3749233,1,19312
3749233,1,15516
3749233,1,15042
3749233,36,20329
3749233,36,40215
3749233,36,20447
3749233,36,40218
3749233,36,24758
3749233,36,38552
3749233,36,38465
3749233,36,19636
3749233,36,38551
3749233,36,40217
3749233,36,15519
3749246,1,20015
3749246,1,40222
3749246,1,38412
3749246,1,15637
3749246,1,20302
3749246,1,15515
3749246,1,26014
3749246,1,15754
3749246,1,19312
3749246,1,23816
3749246,1,15516
3749246,39,40364
3749246,39,15402
3749246,39,40366
3749246,39,20341
3749246,39,16890
3749246,39,4022
3749246,39,40365
3749246,39,24805
3749246,39,20175
3749246,39,15666
3749246,39,19729
3749253,24,34390
3749253,24,34392
3749253,24,40254
3749253,24,34389
3749253,24,34386
3749253,24,40256
3749253,24,19109
3749253,24,40257
3749253,24,15280
3749253,24,34391
3749253,24,15665
3749253,1,20015
3749253,1,40222
3749253,1,38412
3749253,1,15637
3749253,1,12529
3749253,1,24972
3749253,1,40221
3749253,1,26014
3749253,1,19312
3749253,1,40255
3749253,1,15516
3749257,1,20015
3749257,1,40222
3749257,1,38412
3749257,1,15637
3749257,1,12529
3749257,1,15754
3749257,1,15515
3749257,1,40221
3749257,1,19312
3749257,1,15042
3749257,1,15516
3749257,22,40236
3749257,22,40243
3749257,22,40241
3749257,22,24798
3749257,22,40239
3749257,22,15049
3749257,22,40238
3749257,22,15173
3749257,22,40237
3749257,22,40242
3749257,22,40240
3749274,105,38403
3749274,105,376517
3749274,105,40339
3749274,105,40340
3749274,105,4357
3749274,105,40343
3749274,105,40338
3749274,105,15505
3749274,105,376516
3749274,105,40337
3749274,105,376518
3749274,1,20015
3749274,1,40222
3749274,1,38412
3749274,1,15637
3749274,1,12529
3749274,1,24972
3749274,1,15515
3749274,1,376521
3749274,1,15754
3749274,1,23816
3749274,1,15516
3749276,33,40271
3749276,33,20281
3749276,33,20257
3749276,33,20287
3749276,33,40258
3749276,33,20330
3749276,33,20286
3749276,33,20254
3749276,33,40261
3749276,33,11270
3749276,33,18105
3749276,1,20015
3749276,1,15637
3749276,1,20302
3749276,1,40222
3749276,1,38412
3749276,1,19312
3749276,1,15515
3749276,1,40221
3749276,1,26014
3749276,1,15516
3749276,1,15042
3749278,328,40385
3749278,328,9353
3749278,328,40383
3749278,328,40390
3749278,328,40391
3749278,328,40386
3749278,328,21540
3749278,328,40389
3749278,328,40384
3749278,328,15073
3749278,328,40388
3749278,1,20015
3749278,1,38412
3749278,1,15637
3749278,1,26194
3749278,1,20302
3749278,1,15754
3749278,1,15515
3749278,1,40221
3749278,1,19312
3749278,1,15042
3749278,1,15516
3749296,1,20015
3749296,1,40222
3749296,1,38412
3749296,1,15637
3749296,1,12529
3749296,1,24972
3749296,1,15515
3749296,1,26014
3749296,1,19312
3749296,1,15042
3749296,1,15516
3749296,105,38403
3749296,105,40336
3749296,105,40339
3749296,105,40340
3749296,105,20402
3749296,105,40343
3749296,105,40338
3749296,105,15505
3749296,105,15259
3749296,105,15410
3749296,105,40337
3749310,25,40438
3749310,25,11009
3749310,25,40441
3749310,25,40444
3749310,25,40445
3749310,25,40439
3749310,25,40434
3749310,25,40435
3749310,25,40440
3749310,25,40442
3749310,25,40433
3749310,1,20015
3749310,1,38412
3749310,1,15637
3749310,1,26194
3749310,1,20302
3749310,1,24972
3749310,1,15515
3749310,1,15754
3749310,1,19312
3749310,1,15042
3749310,1,15516
3749346,101,40132
3749346,101,40270
3749346,101,40263
3749346,101,40265
3749346,101,40268
3749346,101,38557
3749346,101,40266
3749346,101,26649
3749346,101,40269
3749346,101,40267
3749346,101,40264
3749346,1,20015
3749346,1,40222
3749346,1,38412
3749346,1,15637
3749346,1,12529
3749346,1,24972
3749346,1,40221
3749346,1,15754
3749346,1,19312
3749346,1,15516
3749346,1,15042
3749358,47,40322
3749358,47,40402
3749358,47,40330
3749358,47,15403
3749358,47,40405
3749358,47,40324
3749358,47,40329
3749358,47,40331
3749358,47,40404
3749358,47,40403
3749358,47,40327
3749358,1,20015
3749358,1,40222
3749358,1,38412
3749358,1,15637
3749358,1,12529
3749358,1,15515
3749358,1,40221
3749358,1,15754
3749358,1,19312
3749358,1,15512
3749358,1,15516
3749360,1,20015
3749360,1,38412
3749360,1,15637
3749360,1,26194
3749360,1,12529
3749360,1,15754
3749360,1,15515
3749360,1,40221
3749360,1,19312
3749360,1,15042
3749360,1,15516
3749360,98,38464
3749360,98,15272
3749360,98,40355
3749360,98,40356
3749360,98,40353
3749360,98,40357
3749360,98,15095
3749360,98,40352
3749360,98,40354
3749360,98,9003
3749360,98,24766
3749403,1,20015
3749403,1,40222
3749403,1,38412
3749403,1,15637
3749403,1,12529
3749403,1,15515
3749403,1,26014
3749403,1,40221
3749403,1,19312
3749403,1,15042
3749403,1,15516
3749403,328,40385
3749403,328,9353
3749403,328,40393
3749403,328,40383
3749403,328,40390
3749403,328,40386
3749403,328,21540
3749403,328,40384
3749403,328,19772
3749403,328,40387
3749403,328,40388
3749431,37,20446
3749431,37,20059
3749431,37,40225
3749431,37,38418
3749431,37,40233
3749431,37,40234
3749431,37,24799
3749431,37,40229
3749431,37,40227
3749431,37,40226
3749431,37,40231
3749431,1,20015
3749431,1,40222
3749431,1,38412
3749431,1,15637
3749431,1,12529
3749431,1,40221
3749431,1,15515
3749431,1,15512
3749431,1,26014
3749431,1,15516
3749431,1,23816
3749434,54,40292
3749434,54,40293
3749434,54,40296
3749434,54,40300
3749434,54,40298
3749434,54,40303
3749434,54,40290
3749434,54,40297
3749434,54,40302
3749434,54,40295
3749434,54,40301
3749434,1,20015
3749434,1,38412
3749434,1,15637
3749434,1,26194
3749434,1,12529
3749434,1,26014
3749434,1,19312
3749434,1,15754
3749434,1,20302
3749434,1,15042
3749434,1,15516
3749448,1,20015
3749448,1,40222
3749448,1,38412
3749448,1,15637
3749448,1,12529
3749448,1,40221
3749448,1,15515
3749448,1,15754
3749448,1,19312
3749448,1,15516
3749448,1,15042
3749448,24,34390
3749448,24,34388
3749448,24,40254
3749448,24,34389
3749448,24,34386
3749448,24,38522
3749448,24,19109
3749448,24,40257
3749448,24,34391
3749448,24,15659
3749448,24,15665
3749453,1,20015
3749453,1,40222
3749453,1,38412
3749453,1,15637
3749453,1,20302
3749453,1,15515
3749453,1,40221
3749453,1,15512
3749453,1,19312
3749453,1,15042
3749453,1,15516
3749453,101,40132
3749453,101,40270
3749453,101,40370
3749453,101,40369
3749453,101,40368
3749453,101,26649
3749453,101,40371
3749453,101,39847
3749453,101,3473
3749453,101,40373
3749453,101,40267
3749454,36,15409
3749454,36,40215
3749454,36,40220
3749454,36,40218
3749454,36,24758
3749454,36,19636
3749454,36,38552
3749454,36,38551
3749454,36,40217
3749454,36,40223
3749454,36,15519
3749454,1,20015
3749454,1,40222
3749454,1,15654
3749454,1,38412
3749454,1,12529
3749454,1,40221
3749454,1,15515
3749454,1,15754
3749454,1,19312
3749454,1,15512
3749454,1,15516
3749462,1,20015
3749462,1,40222
3749462,1,38412
3749462,1,15637
3749462,1,12529
3749462,1,15515
3749462,1,40221
3749462,1,15042
3749462,1,15754
3749462,1,15516
3749462,1,23816
3749462,54,40401
3749462,54,40296
3749462,54,40400
3749462,54,40300
3749462,54,40298
3749462,54,40290
3749462,54,40293
3749462,54,40302
3749462,54,40297
3749462,54,40295
3749462,54,40291
3749465,98,38464
3749465,98,40354
3749465,98,40356
3749465,98,40355
3749465,98,40395
3749465,98,15095
3749465,98,40357
3749465,98,40398
3749465,98,40397
3749465,98,24767
3749465,98,40396
3749465,1,20015
3749465,1,40222
3749465,1,38412
3749465,1,15637
3749465,1,12529
3749465,1,40221
3749465,1,15515
3749465,1,19312
3749465,1,26014
3749465,1,23816
3749465,1,15516
3749493,1,20015
3749493,1,40222
3749493,1,38412
3749493,1,15637
3749493,1,12529
3749493,1,15515
3749493,1,40221
3749493,1,15754
3749493,1,19312
3749493,1,15512
3749493,1,15516
3749493,29,40280
3749493,29,40284
3749493,29,40288
3749493,29,40285
3749493,29,40281
3749493,29,38558
3749493,29,20189
3749493,29,15513
3749493,29,40289
3749493,29,40286
3749493,29,40283
3749522,1,20015
3749522,1,38412
3749522,1,15637
3749522,1,26194
3749522,1,20302
3749522,1,24972
3749522,1,15515
3749522,1,15754
3749522,1,19312
3749522,1,15042
3749522,1,15516
3749522,46,40310
3749522,46,40309
3749522,46,40314
3749522,46,40312
3749522,46,40304
3749522,46,15405
3749522,46,40308
3749522,46,40311
3749522,46,40313
3749522,46,40305
3749522,46,10525
3749526,75,40378
3749526,75,13808
3749526,75,40381
3749526,75,40380
3749526,75,40377
3749526,75,40379
3749526,75,20286
3749526,75,20153
3749526,75,40376
3749526,75,40375
3749526,75,40382
3749526,1,20015
3749526,1,40222
3749526,1,15637
3749526,1,38412
3749526,1,12529
3749526,1,40221
3749526,1,24972
3749526,1,15754
3749526,1,19312
3749526,1,15042
3749526,1,15516
3749528,1,20015
3749528,1,40222
3749528,1,38412
3749528,1,15654
3749528,1,12529
3749528,1,15515
3749528,1,40221
3749528,1,24972
3749528,1,15754
3749528,1,15512
3749528,1,15516
3749528,37,20446
3749528,37,20059
3749528,37,40230
3749528,37,40225
3749528,37,40233
3749528,37,40228
3749528,37,40234
3749528,37,20326
3749528,37,40227
3749528,37,40226
3749528,37,40231
3749552,39,13042
3749552,39,15402
3749552,39,20171
3749552,39,20341
3749552,39,16890
3749552,39,24805
3749552,39,15660
3749552,39,40246
3749552,39,5207
3749552,39,20175
3749552,39,19729
3749552,1,20015
3749552,1,40222
3749552,1,15654
3749552,1,38412
3749552,1,12529
3749552,1,40221
3749552,1,15515
3749552,1,24972
3749552,1,15754
3749552,1,15042
3749552,1,15516
3749590,22,40236
3749590,22,375888
3749590,22,38569
3749590,22,375887
3749590,22,375889
3749590,22,15049
3749590,22,375890
3749590,22,40237
3749590,22,40239
3749590,22,40242
3749590,22,38556
3749590,1,20015
3749590,1,38412
3749590,1,15637
3749590,1,26194
3749590,1,12529
3749590,1,40221
3749590,1,26014
3749590,1,15754
3749590,1,19312
3749590,1,15042
3749590,1,40255
3749603,55,15036
3749603,55,40408
3749603,55,40421
3749603,55,40422
3749603,55,40420
3749603,55,40423
3749603,55,40412
3749603,55,40411
3749603,55,40409
3749603,55,40407
3749603,55,40424
3749603,1,20015
3749603,1,40222
3749603,1,38412
3749603,1,15637
3749603,1,12529
3749603,1,15515
3749603,1,24972
3749603,1,15754
3749603,1,19312
3749603,1,15516
3749603,1,23816
3749631,1,20015
3749631,1,40222
3749631,1,38412
3749631,1,15637
3749631,1,12529
3749631,1,40221
3749631,1,15515
3749631,1,24972
3749631,1,19312
3749631,1,23816
3749631,1,15516
3749631,25,40438
3749631,25,40436
3749631,25,40441
3749631,25,40445
3749631,25,377676
3749631,25,20193
3749631,25,40435
3749631,25,40434
3749631,25,377674
3749631,25,40437
3749631,25,40433
3749642,1,20015
3749642,1,40222
3749642,1,38412
3749642,1,15637
3749642,1,12529
3749642,1,15515
3749642,1,26014
3749642,1,15754
3749642,1,19312
3749642,1,15042
3749642,1,15516
3749642,75,40378
3749642,75,40416
3749642,75,40380
3749642,75,40417
3749642,75,40377
3749642,75,13808
3749642,75,40379
3749642,75,20153
3749642,75,40376
3749642,75,40418
3749642,75,40375
3764440,217,20055
3764440,217,43728
3764440,217,5213
3764440,217,5492
3764440,217,5211
3764440,217,6947
3764440,217,8118
3764440,217,30486
3764440,217,22390
3764440,217,4447
3764440,217,5503
3764440,1042,24165
3764440,1042,6663
3764440,1042,24169
3764440,1042,9857
3764440,1042,7897
3764440,1042,5691
3764440,1042,24517
3764440,1042,18783
3764440,1042,12072
3764440,1042,15880
3764440,1042,7064
3764661,215,11748
3764661,215,6699
3764661,215,6397
3764661,215,6665
3764661,215,3023
3764661,215,35473
3764661,215,6667
3764661,215,6649
3764661,215,6842
3764661,215,6393
3764661,215,6391
3764661,217,20055
3764661,217,21881
3764661,217,32480
3764661,217,6826
3764661,217,5211
3764661,217,5203
3764661,217,8118
3764661,217,30486
3764661,217,5477
3764661,217,5487
3764661,217,5503
3773369,217,20055
3773369,217,43728
3773369,217,8118
3773369,217,6826
3773369,217,21881
3773369,217,5211
3773369,217,5203
3773369,217,30486
3773369,217,5503
3773369,217,5487
3773369,217,5477
3773369,902,25598
3773369,902,11677
3773369,902,6603
3773369,902,21399
3773369,902,6564
3773369,902,23322
3773369,902,23307
3773369,902,11670
3773369,902,6656
3773369,902,24681
3773369,902,23812
3773372,217,20055
3773372,217,43728
3773372,217,5213
3773372,217,6826
3773372,217,21881
3773372,217,5211
3773372,217,5203
3773372,217,8118
3773372,217,30486
3773372,217,5503
3773372,217,5487
3773372,212,6378
3773372,212,6376
3773372,212,11167
3773372,212,6790
3773372,212,3308
3773372,212,5633
3773372,212,6840
3773372,212,5199
3773372,212,6377
3773372,212,3245
3773372,212,5246
3773377,217,20055
3773377,217,21881
3773377,217,32480
3773377,217,43728
3773377,217,5211
3773377,217,5203
3773377,217,5487
3773377,217,30486
3773377,217,3501
3773377,217,4447
3773377,217,5503
3773377,207,6898
3773377,207,6797
3773377,207,6746
3773377,207,4267
3773377,207,6596
3773377,207,38792
3773377,207,6583
3773377,207,24267
3773377,207,5186
3773377,207,6297
3773377,207,4367
3773386,206,6629
3773386,206,6923
3773386,206,6615
3773386,206,3093
3773386,206,6612
3773386,206,10605
3773386,206,26387
3773386,206,6622
3773386,206,9462
3773386,206,24049
3773386,206,25134
3773386,217,6590
3773386,217,6379
3773386,217,5213
3773386,217,6826
3773386,217,5211
3773386,217,5203
3773386,217,8118
3773386,217,5477
3773386,217,5503
3773386,217,30756
3773386,217,5487
3773387,221,23344
3773387,221,11676
3773387,221,6592
3773387,221,5598
3773387,221,6784
3773387,221,6807
3773387,221,11669
3773387,221,32673
3773387,221,6782
3773387,221,6684
3773387,221,6668
3773387,217,20055
3773387,217,32480
3773387,217,5213
3773387,217,6826
3773387,217,5477
3773387,217,5211
3773387,217,5203
3773387,217,8118
3773387,217,30486
3773387,217,5487
3773387,217,5503
3773403,217,20055
3773403,217,43728
3773403,217,32480
3773403,217,5492
3773403,217,5211
3773403,217,6947
3773403,217,8118
3773403,217,5477
3773403,217,30486
3773403,217,5487
3773403,217,5503
3773403,215,11748
3773403,215,6699
3773403,215,6877
3773403,215,6665
3773403,215,3023
3773403,215,6775
3773403,215,35473
3773403,215,6649
3773403,215,6842
3773403,215,6391
3773403,215,6393
3773415,217,20055
3773415,217,21881
3773415,217,5213
3773415,217,6826
3773415,217,5211
3773415,217,5203
3773415,217,8118
3773415,217,30486
3773415,217,5477
3773415,217,5487
3773415,217,5503
3773415,552,29198
3773415,552,24322
3773415,552,23934
3773415,552,24593
3773415,552,24616
3773415,552,24712
3773415,552,23973
3773415,552,6613
3773415,552,23811
3773415,552,23971
3773415,552,20542
3773428,552,29198
3773428,552,24322
3773428,552,23934
3773428,552,24593
3773428,552,24616
3773428,552,30370
3773428,552,23971
3773428,552,2961
3773428,552,23967
3773428,552,23811
3773428,552,24053
3773428,217,20055
3773428,217,21881
3773428,217,43728
3773428,217,6826
3773428,217,5211
3773428,217,5203
3773428,217,8118
3773428,217,5503
3773428,217,5487
3773428,217,3501
3773428,217,4447
3773457,217,20055
3773457,217,32480
3773457,217,5213
3773457,217,6826
3773457,217,5477
3773457,217,5211
3773457,217,5203
3773457,217,39073
3773457,217,30486
3773457,217,5487
3773457,217,5503
3773457,209,40890
3773457,209,22029
3773457,209,11388
3773457,209,75546
3773457,209,6757
3773457,209,6799
3773457,209,11389
3773457,209,6609
3773457,209,6724
3773457,209,5217
3773457,209,6594
3773466,209,40890
3773466,209,16555
3773466,209,6585
3773466,209,24730
3773466,209,6805
3773466,209,35000
3773466,209,5523
3773466,209,47447
3773466,209,6609
3773466,209,6803
3773466,209,5217
3773466,217,6590
3773466,217,6379
3773466,217,5213
3773466,217,6826
3773466,217,5211
3773466,217,5203
3773466,217,8118
3773466,217,5487
3773466,217,3501
3773466,217,30756
3773466,217,5503
3773474,217,20055
3773474,217,43728
3773474,217,8118
3773474,217,6826
3773474,217,21881
3773474,217,5211
3773474,217,5203
3773474,217,30486
3773474,217,5503
3773474,217,5487
3773474,217,5477
3773474,901,11302
3773474,901,6872
3773474,901,21225
3773474,901,24730
3773474,901,3417
3773474,901,11298
3773474,901,11296
3773474,901,3610
3773474,901,11300
3773474,901,17027
3773474,901,8540
3773477,217,20055
3773477,217,6379
3773477,217,5213
3773477,217,6826
3773477,217,5211
3773477,217,5203
3773477,217,8118
3773477,217,5477
3773477,217,30486
3773477,217,5487
3773477,217,30756
3773477,218,4691
3773477,218,23522
3773477,218,6648
3773477,218,7068
3773477,218,11538
3773477,218,5214
3773477,218,26404
3773477,218,6651
3773477,218,6673
3773477,218,6658
3773477,218,6880
3773497,220,3509
3773497,220,5200
3773497,220,13620
3773497,220,5202
3773497,220,3804
3773497,220,5539
3773497,220,6773
3773497,220,5463
3773497,220,5574
3773497,220,18395
3773497,220,19677
3773497,217,20055
3773497,217,43728
3773497,217,32480
3773497,217,6826
3773497,217,21881
3773497,217,5211
3773497,217,5203
3773497,217,8118
3773497,217,5503
3773497,217,30486
3773497,217,5477
3773523,217,20055
3773523,217,21881
3773523,217,32480
3773523,217,43728
3773523,217,5211
3773523,217,5203
3773523,217,8118
3773523,217,5487
3773523,217,30486
3773523,217,4447
3773523,217,5503
3773523,210,32185
3773523,210,6670
3773523,210,6676
3773523,210,22128
3773523,210,3498
3773523,210,24921
3773523,210,24236
3773523,210,3042
3773523,210,6330
3773523,210,6582
3773523,210,6721
3773526,217,20055
3773526,217,43728
3773526,217,8118
3773526,217,6826
3773526,217,17304
3773526,217,5203
3773526,217,39073
3773526,217,24841
3773526,217,22390
3773526,217,5487
3773526,217,5503
3773526,206,6629
3773526,206,6618
3773526,206,30419
3773526,206,3093
3773526,206,6612
3773526,206,26387
3773526,206,10605
3773526,206,6622
3773526,206,6387
3773526,206,3265
3773526,206,6732
3773547,217,20055
3773547,217,21881
3773547,217,43728
3773547,217,6826
3773547,217,5211
3773547,217,8118
3773547,217,30486
3773547,217,3501
3773547,217,5503
3773547,217,5487
3773547,217,4447
3773547,422,24211
3773547,422,6591
3773547,422,23949
3773547,422,6693
3773547,422,6830
3773547,422,30277
3773547,422,23944
3773547,422,23945
3773547,422,6581
3773547,422,23943
3773547,422,8654
3773552,902,25598
3773552,902,11677
3773552,902,21399
3773552,902,6603
3773552,902,23322
3773552,902,6656
3773552,902,6733
3773552,902,30483
3773552,902,22199
3773552,902,20063
3773552,902,23812
3773552,217,20055
3773552,217,21881
3773552,217,32480
3773552,217,6826
3773552,217,5211
3773552,217,5203
3773552,217,8118
3773552,217,30486
3773552,217,5503
3773552,217,5477
3773552,217,4447
3773565,1049,24140
3773565,1049,4546
3773565,1049,23807
3773565,1049,24134
3773565,1049,25702
3773565,1049,16249
3773565,1049,24052
3773565,1049,24126
3773565,1049,24144
3773565,1049,11501
3773565,1049,26009
3773565,217,20055
3773565,217,21881
3773565,217,43728
3773565,217,5492
3773565,217,5211
3773565,217,5203
3773565,217,8118
3773565,217,30486
3773565,217,5477
3773565,217,5487
3773565,217,5503
3773571,901,11302
3773571,901,12073
3773571,901,22020
3773571,901,21225
3773571,901,11298
3773571,901,23627
3773571,901,11301
3773571,901,11300
3773571,901,11296
3773571,901,29310
3773571,901,31235
3773571,217,20055
3773571,217,43728
3773571,217,32480
3773571,217,6826
3773571,217,21881
3773571,217,5211
3773571,217,6947
3773571,217,8118
3773571,217,5503
3773571,217,30486
3773571,217,4447
3773585,217,6590
3773585,217,21881
3773585,217,5213
3773585,217,6826
3773585,217,5211
3773585,217,5203
3773585,217,8118
3773585,217,30486
3773585,217,3501
3773585,217,30756
3773585,217,5503
3773585,220,3509
3773585,220,5202
3773585,220,5485
3773585,220,5201
3773585,220,3804
3773585,220,5539
3773585,220,6773
3773585,220,5574
3773585,220,5719
3773585,220,18395
3773585,220,19677
3773586,217,20055
3773586,217,43728
3773586,217,5213
3773586,217,5492
3773586,217,6379
3773586,217,5211
3773586,217,5203
3773586,217,8118
3773586,217,39073
3773586,217,5503
3773586,217,5487
3773586,1049,25704
3773586,1049,24133
3773586,1049,24134
3773586,1049,30081
3773586,1049,4546
3773586,1049,24138
3773586,1049,16249
3773586,1049,24052
3773586,1049,24093
3773586,1049,11501
3773586,1049,26009
3773587,216,6722
3773587,216,6627
3773587,216,6634
3773587,216,6809
3773587,216,7104
3773587,216,6901
3773587,216,6863
3773587,216,3991
3773587,216,17620
3773587,216,11550
3773587,216,11671
3773587,217,6590
3773587,217,6379
3773587,217,5213
3773587,217,6826
3773587,217,21881
3773587,217,5203
3773587,217,8118
3773587,217,5503
3773587,217,30486
3773587,217,5477
3773587,217,5487
3773593,217,6590
3773593,217,6379
3773593,217,5213
3773593,217,6826
3773593,217,5211
3773593,217,5203
3773593,217,8118
3773593,217,5487
3773593,217,3501
3773593,217,30756
3773593,217,5503
3773593,222,6755
3773593,222,6772
3773593,222,7030
3773593,222,6892
3773593,222,24085
3773593,222,16335
3773593,222,6595
3773593,222,3437
3773593,222,11675
3773593,222,6766
3773593,222,6402
3773597,210,32185
3773597,210,6676
3773597,210,24921
3773597,210,22128
3773597,210,6670
3773597,210,23212
3773597,210,24236
3773597,210,3042
3773597,210,6582
3773597,210,6685
3773597,210,8819
3773597,217,20055
3773597,217,43728
3773597,217,8118
3773597,217,6826
3773597,217,21881
3773597,217,5211
3773597,217,5203
3773597,217,30486
3773597,217,5503
3773597,217,5487
3773597,217,5477
3773625,213,6785
3773625,213,6821
3773625,213,4445
3773625,213,3366
3773625,213,6718
3773625,213,6701
3773625,213,16003
3773625,213,7006
3773625,213,5470
3773625,213,6616
3773625,213,20033
3773625,217,20055
3773625,217,43728
3773625,217,5213
3773625,217,6826
3773625,217,21881
3773625,217,5211
3773625,217,5203
3773625,217,8118
3773625,217,30486
3773625,217,5503
3773625,217,5477
3773631,218,16309
3773631,218,23522
3773631,218,6648
3773631,218,6752
3773631,218,11538
3773631,218,42282
3773631,218,5563
3773631,218,6851
3773631,218,2948
3773631,218,6695
3773631,218,11391
3773631,217,20055
3773631,217,43728
3773631,217,32480
3773631,217,6826
3773631,217,5211
3773631,217,5203
3773631,217,6947
3773631,217,24841
3773631,217,5477
3773631,217,4447
3773631,217,5487
3773656,212,6378
3773656,212,6376
3773656,212,5259
3773656,212,6790
3773656,212,3308
3773656,212,5633
3773656,212,5199
3773656,212,6840
3773656,212,6381
3773656,212,6377
3773656,212,12041
3773656,217,20055
3773656,217,6379
3773656,217,5213
3773656,217,6826
3773656,217,5211
3773656,217,6947
3773656,217,8118
3773656,217,5477
3773656,217,5503
3773656,217,30486
3773656,217,5487
3773660,217,20055
3773660,217,21881
3773660,217,32480
3773660,217,6826
3773660,217,5211
3773660,217,5203
3773660,217,8118
3773660,217,5487
3773660,217,3501
3773660,217,4447
3773660,217,5503
3773660,221,23344
3773660,221,6672
3773660,221,6682
3773660,221,6592
3773660,221,23948
3773660,221,17303
3773660,221,23966
3773660,221,32673
3773660,221,11669
3773660,221,30593
3773660,221,6684
3773661,217,20055
3773661,217,43728
3773661,217,5213
3773661,217,6826
3773661,217,6379
3773661,217,5211
3773661,217,5203
3773661,217,8118
3773661,217,30486
3773661,217,5503
3773661,217,5487
3773661,216,6722
3773661,216,6627
3773661,216,6634
3773661,216,35287
3773661,216,17620
3773661,216,6681
3773661,216,13599
3773661,216,6901
3773661,216,71519
3773661,216,31090
3773661,216,6611
3773665,422,24211
3773665,422,6591
3773665,422,24212
3773665,422,23950
3773665,422,33339
3773665,422,12419
3773665,422,30277
3773665,422,23947
3773665,422,23943
3773665,422,6930
3773665,422,24315
3773665,217,20055
3773665,217,43728
3773665,217,6826
3773665,217,5492
3773665,217,21881
3773665,217,5211
3773665,217,5203
3773665,217,8118
3773665,217,30486
3773665,217,5503
3773665,217,5487
3773672,217,6590
3773672,217,6379
3773672,217,32480
3773672,217,5213
3773672,217,5211
3773672,217,5203
3773672,217,8118
3773672,217,5487
3773672,217,3501
3773672,217,30756
3773672,217,5503
3773672,213,6785
3773672,213,6821
3773672,213,4445
3773672,213,3366
3773672,213,19597
3773672,213,16003
3773672,213,5470
3773672,213,6701
3773672,213,4345
3773672,213,7022
3773672,213,20033
3773689,222,6755
3773689,222,21081
3773689,222,7030
3773689,222,6892
3773689,222,3515
3773689,222,16335
3773689,222,3721
3773689,222,6595
3773689,222,6771
3773689,222,6766
3773689,222,6402
3773689,217,20055
3773689,217,43728
3773689,217,5213
3773689,217,6826
3773689,217,21881
3773689,217,5211
3773689,217,5203
3773689,217,8118
3773689,217,30486
3773689,217,5503
3773689,217,5487
3773695,207,8652
3773695,207,6746
3773695,207,35641
3773695,207,6587
3773695,207,22107
3773695,207,6596
3773695,207,6797
3773695,207,6583
3773695,207,24267
3773695,207,6297
3773695,207,4367
3773695,217,20055
3773695,217,32480
3773695,217,5213
3773695,217,6826
3773695,217,21881
3773695,217,5211
3773695,217,5203
3773695,217,8118
3773695,217,30486
3773695,217,5503
3773695,217,5487
